{
    "Patient_Demographics.csv": {
        "status": "processed",
        "last_modified": 1761165299.2914326,
        "processed_time": 1761173403.3874211
    }
}