{
    "Hospital_Branches.csv": {
        "status": "processed",
        "last_modified": 1761165172.162405,
        "processed_time": 1761295720.0812874
    }
}