{
    "Medical_practitioners.csv": {
        "status": "processed",
        "last_modified": 1761165222.8594086,
        "processed_time": 1761295719.8756623
    }
}