{
    "Treatment_Plans.csv": {
        "status": "processed",
        "last_modified": 1761165296.1864312,
        "processed_time": 1761173402.5879776
    }
}