{
    "Appointments_History.csv": {
        "status": "processed",
        "last_modified": 1761156164.7812405,
        "processed_time": 1761173402.3319428
    }
}