{
    "Mental_Health_Assessments.csv": {
        "status": "processed",
        "last_modified": 1761165303.9164348,
        "processed_time": 1761173402.7823846
    }
}